Question,Answer
"What common misconceptions do young founders (e.g., recent college graduates) have about building successful startups, and how do these misconceptions hinder their progress?",
"Beyond financial capital, what are the most crucial resources a founder needs to build a successful startup, and where are the best places to acquire them?",
"How does the concept of “risk” differ for young founders compared to older founders and investors, and how does this difference shape their decision-making process?",
"What is the role of ""growth"" in defining a startup, and how does a focus on growth shape a startup's strategy and ultimate outcome?",
"How did the example of Google influence later startups and investor behavior, particularly regarding the role of founders in company leadership?",
"How did the dot-com bubble affect attitudes towards startup funding, and what lessons were learned about the relationship between growth, profitability, and long-term value?",
"What advantages do young founders have in navigating the challenges of finding a co-founder, and why is this considered such a critical aspect of startup success?",
"According to the essays, how does the nature of work in a startup differ from that in a traditional corporate setting, and what are the implications for individual motivation and productivity?",
"What are the key differences between how startups and large companies approach product development, and why do these differences often give startups a competitive edge?",
"How has the availability of seed funding, like that provided by Y Combinator, changed the landscape for aspiring startup founders?",
"Several essays mention the importance of location for a startup. How has the rise of remote work affected this consideration, and what factors still make startup hubs attractive?",
"What is the significance of the ""exit strategy"" for startups, and how does it influence the relationship between founders and investors?",
"How does the concept of ""better technology"" drive the success of web startups, and how has this concept evolved over time?",
"Explain the concept of ""vesting"" and its purpose in the context of venture funding.",
"How does the fundraising process differ for seed-stage startups compared to later-stage companies seeking venture capital, and what are the implications for founders?",
"How has the decreasing cost of starting a web startup democratized the landscape and shifted the power dynamics between founders, investors, and large companies?",
"What are the common pitfalls of consulting as a means of funding a startup, and how can founders mitigate these risks?",
"How does the ""animal"" test reflect the unique qualities required for startup success, and why might these qualities be less valued in larger organizations?",
How do Y Combinator's approach and philosophy differ from those of traditional incubators and venture capital firms?,
"Why is it crucial for startups to prioritize building something users love, even before focusing on monetization, and what are the potential downsides of focusing prematurely on revenue?",
"Why is cheapness considered a source of power for startups, and how does a “grad student” mentality contribute to long-term success?",
"What are the arguments for and against starting a startup immediately after college, and how has this decision evolved with the changing startup landscape?",
"How does the focus on user needs in startup product development differ from the approach often taken in corporate settings, and what are the implications for innovation and market disruption?",
"Explain how standardized agreements and acquisition processes could reshape the startup ecosystem, and what are the potential benefits and drawbacks for both founders and acquirers?",
"How does the history of wealth creation, from inheritance to industrialization to the rise of tech startups, reflect changes in technology and economic structures?",
"How has the landscape of wealth creation in America shifted between 1982 and 2020, and what technological factors have contributed to this shift?",
"What are the primary advantages young founders have in the startup world, and how can they best leverage these advantages?",
"Why are big companies often bad at product development, and how does this create opportunities for startups?",
"How does the decreasing cost of starting startups impact the relationship between founders and investors, and what are the potential implications for both parties?",
"What is the significance of growth for startups, and how does focusing on growth help founders make better decisions?",
"How did Google's initial approach to search differ from its competitors, and what was the significance of this difference?",
"How does Google's approach to acquisitions contribute to its success, and how does it differ from the traditional view of acquisitions held by many companies?",
What lessons can be learned from Google's early success regarding the importance of understanding user needs in the tech industry?,
How has Google's approach to hiring and its internal culture contributed to its ability to innovate and compete in the rapidly changing tech landscape?,
"How has Google's size and success affected its ability to maintain the agility and innovation of a startup, and what challenges does it face in this regard?",
How did Steve Jobs' personal interests and experiences contribute to Apple's early success and its distinct approach to product design?,
"How did Apple's early approach to product development differ from the practices of large companies at the time, and what advantages did this approach offer?",
"How did Apple's initial target market and business model evolve, and what factors drove these changes?",
"How did Apple's initial target market and business model evolve, and what factors drove these changes?",
"Why did Apple avoid taking funding from traditional venture capital firms in its early stages, and what were the perceived advantages and disadvantages of this approach?",
"How did Steve Wozniak's personal projects and technical skills contribute to the success of Apple, and what broader lessons can be learned from his approach to innovation?",
How does Steve Wozniak's story exemplify the advantages of young founders and the potential of ignorance as a driver of innovation?,
"How does Y Combinator's approach to funding and advising startups differ from traditional venture capital firms, and why do they believe their model is more effective?",
"What are the key differences between a ""startup"" and a small business, and why is this distinction important for founders and investors?",
"According to the author, why is understanding users the single most important factor for startup success, and how can founders effectively gain this understanding?",
"What are the common pitfalls of taking investment from angel investors, and how can founders mitigate these risks?",
"How has the role and significance of Google in the startup ecosystem evolved, and what does this suggest about the future of the tech industry?",
How is the information in these essays useful to students?,
What insights and advice about hiring are offered in these essays?,
How does the author's experience at Yahoo inform their perspective on the challenges and opportunities facing both large companies and startups in the tech industry?,
"According to the author, what lessons can Yahoo and other established companies learn from Google's approach to acquisitions and product development, and how might adopting these lessons impact their ability to compete with startups?",
Provide all the information available related to Bill Gates.,
Provide all the information available related to Viaweb.,
Provide all the information available related to Microsoft.,
Provide all the information available related to Sam Altman.,
"What are the three key elements for startup success, and how do they relate to each other?",
"Why is cheapness considered ""power"" for startups, and how does it contribute to their success?",
"Why is it important for startups to have an exit strategy, and what are the typical exit strategies?",
Why does the author advise against working at Google if you want to start a startup?,
What are some ways for students to prepare for starting a startup while still in school?,
"What are the different stages of startup funding, and what are the key considerations for founders at each stage?",
What are the advantages and disadvantages of starting a startup right out of college?,
"How has the decreasing cost of technology impacted the startup landscape, and what are the implications for the future of entrepreneurship?",
"What are the key characteristics of successful startup founders, and how can aspiring entrepreneurs cultivate these traits?",
"Why is it so difficult for large companies to compete with startups, and what strategies can they employ to become more innovative and adaptable?",
I'm a college student thinking about starting a startup. What are the most important things I should be focusing on right now?,
"I'm worried about the risks of starting a startup.  Most fail, right? Why should I even try?",
I have a great idea for a startup.  What are the first steps I should take to bring it to life?,
I'm considering working for a big tech company vs. a startup.  What are the pros and cons of each?,
"What is the role of venture capitalists in the startup world, and how should founders approach interactions with them?",
"Tell me everything about the concept of ""Prototype Day"" at Y Combinator.",
What were the main reasons for the decline in inherited wealth as the primary source of riches among the Forbes 400 between 1982 and 2020?,
"What was the ""class project"" problem faced by young founders, and how can they overcome it?",
"What are the specific advantages of the ""grad student"" model for startups, and why is it preferable to the ""law firm"" model?",
"Why was the rise of ""tech"" companies, like Amazon and Tesla, a qualitative change in wealth creation compared to earlier magnates in oil and real estate?",
